recno,RAJ2000,DEJ2000,e_RAJ2000,e_DEJ2000,Field,nobs,mobs,B-V,e_B-V,Vmag,e_Vmag,Bmag,e_Bmag,g_mag,e_g_mag,r_mag,e_r_mag,i_mag,e_i_mag
39349550,114.468159,-69.769575,0.512,0.138,20162735,6,30,0.592,0.044,13.676,0.024,14.268,0.037,13.9,0.028,13.515,0.022,13.296,0.168
39349554,114.26938,-69.791614,1.031,0.815,20162734,2,5,0.785,0.0,15.699,0.0,16.484,0.0,16.09,0.0,15.423,0.0,15.266,0.096
39349555,114.270022,-69.791398,0.727,0.706,20162734,4,14,0.761,0.041,15.732,0.017,16.492,0.037,16.067,0.02,15.555,0.067,15.208,0.049
39349556,114.174169,-69.798656,0.935,0.509,20162734,4,17,0.988,0.083,15.882,0.053,16.87,0.064,16.317,0.029,15.618,0.107,15.281,0.096
39349557,114.249213,-69.78586,0.736,0.585,20162734,5,29,0.674,0.077,15.109,0.054,15.783,0.055,15.334,0.042,14.922,0.057,14.75,0.107
39349558,114.380305,-69.76201,0.356,0.427,20162734,5,23,1.134,0.117,14.991,0.045,16.125,0.108,15.468,0.029,14.64,0.039,14.249,0.177
39349559,114.40281,-69.75381,0.687,0.471,20162734,3,13,1.063,0.085,15.457,0.026,16.519,0.081,15.942,0.006,15.037,0.014,14.515,0.267
39349560,114.306582,-69.752809,0.803,1.089,20162734,2,6,0.799,0.168,16.733,0.048,17.532,0.161,17.203,0.0,16.456,0.0,,
39349561,114.326995,-69.740158,0.19,0.091,20162734,5,25,0.53,0.039,12.686,0.027,13.216,0.028,12.87,0.015,12.539,0.028,12.362,0.135
39349562,114.340507,-69.747743,1.077,1.132,20162734,3,9,1.217,0.113,16.328,0.0,17.545,0.113,17.023,0.025,16.064,0.089,15.781,0.109
39349563,114.36843,-69.721824,0.855,0.73,20162734,2,6,1.017,0.0,16.277,0.0,17.293,0.0,16.764,0.069,15.979,0.024,,
39349573,114.051599,-69.796324,1.143,0.578,20162734,4,14,1.107,0.131,15.881,0.084,16.987,0.1,16.339,0.039,15.474,0.032,14.961,0.064
39349574,114.109438,-69.789386,0.837,0.73,20162734,4,20,0.616,0.1,15.679,0.095,16.295,0.031,15.895,0.024,15.448,0.08,15.199,0.117
39349576,114.074859,-69.763911,0.857,0.567,20162734,5,23,0.968,0.128,15.62,0.101,16.588,0.078,15.999,0.056,15.348,0.016,15.028,0.079
39349582,113.920159,-69.784766,0.654,0.93,20162734,3,7,0.778,0.075,16.525,0.069,17.303,0.027,16.79,0.0,16.361,0.0,,
39349583,113.874085,-69.755726,1.253,1.658,20162734,2,7,1.13,0.011,16.767,0.011,17.897,0.0,17.451,0.168,16.172,0.033,,
39349584,113.967559,-69.756098,0.845,0.557,20162734,2,4,0.71,0.143,16.733,0.0,17.444,0.143,16.862,0.0,16.344,0.0,,
39349585,113.900991,-69.750273,0.345,0.994,20162734,2,7,0.777,0.175,15.236,0.173,16.012,0.025,15.542,0.0,15.017,0.0,14.786,0.0
39349586,113.904776,-69.759139,0.278,0.152,20162734,5,25,1.105,0.054,13.756,0.044,14.861,0.031,14.237,0.027,13.362,0.02,12.998,0.048
39349587,113.937073,-69.755035,0.218,0.227,20162734,5,25,0.671,0.045,14.373,0.029,15.044,0.035,14.628,0.023,14.156,0.027,13.937,0.036
39349588,113.950247,-69.737602,0.85,0.564,20162734,4,15,1.007,0.189,16.017,0.048,17.024,0.183,16.419,0.035,15.719,0.054,15.408,0.289
39349589,113.978664,-69.747309,0.317,0.17,20162734,5,25,0.816,0.071,13.918,0.054,14.734,0.045,14.256,0.017,13.655,0.038,13.371,0.022
39349590,113.999068,-69.740429,0.532,0.531,20162734,5,28,0.951,0.042,15.156,0.031,16.107,0.028,15.597,0.008,14.866,0.05,14.606,0.043
39349591,114.040541,-69.714078,1.508,0.694,20162734,2,5,1.312,0.0,16.464,0.0,17.776,0.0,,,16.218,0.181,15.647,0.0
39349592,114.041108,-69.714065,1.213,0.858,20162734,4,12,1.165,0.178,16.382,0.168,17.547,0.058,16.99,0.051,16.12,0.019,15.965,0.012
39349593,114.180755,-69.755244,0.887,0.774,20162734,4,8,0.619,0.086,16.525,0.06,17.143,0.062,16.776,0.0,16.403,0.0,,
39349594,114.180925,-69.756117,0.315,0.109,20162734,2,2,,,,,,,16.921,0.059,16.279,0.0,,
39349595,114.244783,-69.745862,0.241,0.296,20162734,5,25,0.636,0.046,13.966,0.034,14.602,0.03,14.203,0.018,13.765,0.022,13.543,0.115
39349596,114.135592,-69.73909,1.222,0.591,20162734,4,16,1.047,0.218,16.224,0.143,17.271,0.164,16.716,0.028,15.89,0.041,15.433,0.147
39349597,114.143726,-69.757225,0.788,0.613,20162734,4,16,1.159,0.096,15.929,0.046,17.087,0.084,16.434,0.046,15.421,0.041,14.99,0.165
39349598,114.177235,-69.72155,0.466,0.384,20162734,5,25,0.554,0.058,14.84,0.027,15.394,0.052,15.03,0.026,14.679,0.025,14.521,0.11
39349599,114.332368,-69.717951,0.651,0.87,20162734,4,17,1.051,0.0,16.276,0.0,17.327,0.0,16.642,0.06,15.916,0.065,15.563,0.168
39349600,114.387103,-69.666483,0.914,0.745,20162735,5,19,0.778,0.139,16.089,0.08,16.867,0.113,16.389,0.029,15.843,0.136,15.358,0.093
39349601,114.083266,-69.727277,0.303,0.14,20162734,5,25,1.23,0.047,13.708,0.034,14.938,0.032,14.263,0.018,13.26,0.02,12.813,0.051
39349602,114.146606,-69.72119,0.733,1.22,20162734,3,6,0.797,0.314,17.043,0.083,17.839,0.303,,,,,,
39349603,114.068035,-69.705696,0.77,1.415,20162734,4,15,0.802,0.204,16.251,0.097,17.053,0.179,16.596,0.067,15.975,0.065,15.76,0.285
39349604,114.132449,-69.672945,0.167,0.154,20162734,5,25,1.176,0.058,13.584,0.044,14.76,0.038,14.1,0.02,13.197,0.025,12.763,0.064
39349605,114.299661,-69.660314,0.236,0.112,20162734,5,25,1.393,0.04,11.749,0.032,13.142,0.025,12.383,0.014,11.228,0.023,10.691,0.133
39349606,114.329572,-69.61868,0.561,0.823,20162734,4,18,1.027,0.123,15.951,0.031,16.978,0.119,16.467,0.063,15.641,0.107,15.327,0.118
39349689,113.575259,-69.6697,0.316,0.391,20162734,5,30,1.024,0.073,14.31,0.035,15.333,0.064,14.764,0.019,13.963,0.028,13.613,0.048
39349693,113.536332,-69.659927,1.068,0.944,20162734,3,10,0.787,0.121,16.467,0.016,17.253,0.12,16.744,0.084,16.287,0.139,,
39349698,113.495068,-69.642061,0.124,0.129,20162734,5,25,0.601,0.042,11.335,0.033,11.936,0.027,11.566,0.032,11.143,0.021,10.984,0.048
39349701,113.78137,-69.749774,0.822,0.741,20162734,4,15,0.896,0.098,16.094,0.022,16.99,0.095,16.435,0.028,15.768,0.053,15.389,0.0
39349702,113.796472,-69.754955,1.304,0.466,20162734,2,4,1.007,0.252,17.012,0.149,18.02,0.204,,,,,,
39349703,113.79879,-69.747621,0.626,1.109,20162734,2,8,0.611,0.057,16.92,0.057,17.531,0.0,17.141,0.011,16.602,0.049,,
39349704,113.82392,-69.746388,1.021,0.555,20162734,4,15,0.759,0.145,16.226,0.145,16.984,0.008,16.538,0.024,15.929,0.078,15.709,0.036
39349705,113.71746,-69.738566,0.264,0.245,20162734,5,25,0.77,0.072,14.224,0.065,14.994,0.03,14.538,0.015,13.976,0.035,13.738,0.067
39349706,113.917791,-69.708387,0.724,0.799,20162734,3,8,0.824,0.14,16.911,0.0,17.735,0.14,17.319,0.097,16.413,0.011,,
39349707,113.920907,-69.727002,0.147,0.078,20162734,5,25,0.65,0.035,13.025,0.025,13.675,0.024,13.274,0.02,12.829,0.022,12.649,0.031
39349708,113.849169,-69.72018,0.702,0.481,20162734,4,24,0.815,0.08,15.7,0.042,16.515,0.068,16.045,0.032,15.443,0.027,15.184,0.061
39349709,113.679441,-69.714523,0.291,0.104,20162734,5,30,1.418,0.063,12.692,0.057,14.109,0.028,13.328,0.017,12.18,0.025,11.737,0.04
39349710,113.697968,-69.719166,0.685,0.296,20162734,5,25,0.572,0.063,14.569,0.051,15.141,0.037,14.774,0.015,14.367,0.022,14.24,0.102
39349711,113.658347,-69.690713,0.137,0.112,20162734,5,25,0.253,0.05,12.931,0.03,13.184,0.041,12.96,0.01,12.915,0.014,12.96,0.044
39349712,113.714633,-69.681826,0.925,0.615,20162734,3,8,0.68,0.058,16.492,0.046,17.172,0.036,16.691,0.055,16.206,0.083,,
39349713,113.832123,-69.676477,0.957,0.832,20162734,2,9,1.137,0.097,15.692,0.092,16.829,0.032,16.09,0.047,15.349,0.101,14.851,0.0
39349714,113.833661,-69.676369,0.832,1.113,20162734,3,5,,,,,,,16.115,0.0,15.215,0.0,14.925,0.197
39349715,113.845351,-69.693869,1.115,0.961,20162734,2,8,0.68,0.051,16.224,0.028,16.904,0.043,16.318,0.0,15.732,0.0,15.376,0.025
39349716,113.909477,-69.669664,0.375,0.387,20162734,5,25,0.633,0.058,14.733,0.032,15.366,0.049,14.981,0.024,14.537,0.04,14.345,0.073
39349717,113.832043,-69.649324,1.171,0.604,20162734,4,12,0.827,0.222,16.55,0.07,17.377,0.21,16.908,0.044,16.194,0.031,,
39349718,113.849372,-69.643212,0.474,0.687,20162734,5,30,1.121,0.089,15.086,0.058,16.207,0.067,15.592,0.029,14.732,0.029,14.338,0.038
39349719,114.059666,-69.679802,0.497,0.446,20162734,5,27,0.685,0.075,14.809,0.049,15.494,0.057,15.066,0.019,14.574,0.044,14.327,0.084
39349720,114.106579,-69.665033,0.857,0.49,20162734,4,17,0.98,0.058,15.937,0.051,16.918,0.027,16.332,0.018,15.656,0.044,15.255,0.038
39349721,114.166134,-69.65112,0.352,0.217,20162734,5,35,0.682,0.047,14.439,0.035,15.12,0.032,14.705,0.023,14.207,0.032,13.961,0.114
39349722,114.131295,-69.621286,0.533,0.415,20162734,5,35,0.789,0.075,15.022,0.065,15.811,0.036,15.335,0.02,14.831,0.028,14.63,0.116
39349723,114.19237,-69.621556,1.181,1.141,20162734,3,20,0.697,0.08,16.548,0.052,17.245,0.061,16.851,0.048,16.388,0.015,,
39349724,114.192894,-69.621858,1.324,1.477,20162734,2,3,0.818,0.026,16.497,0.0,17.315,0.026,,,,,,
39349725,114.21064,-69.64076,0.61,0.928,20162734,5,26,1.106,0.105,15.877,0.047,16.983,0.094,16.366,0.058,15.324,0.033,14.92,0.114
39349726,114.241861,-69.602634,0.304,0.363,20162734,5,30,0.822,0.066,14.235,0.056,15.057,0.034,14.559,0.019,13.941,0.063,13.687,0.11
39349727,114.255844,-69.625024,0.799,0.738,20162734,3,11,0.64,0.116,16.221,0.045,16.862,0.107,16.48,0.061,16.071,0.067,15.867,0.0
39349728,114.126166,-69.608611,1.015,0.631,20162734,3,12,0.805,0.099,16.108,0.049,16.913,0.086,16.411,0.04,15.845,0.097,15.569,0.206
39349729,114.151977,-69.604099,1.375,1.104,20162734,4,13,0.993,0.056,16.347,0.032,17.341,0.046,16.739,0.018,15.894,0.158,15.4,0.0
39349730,114.199211,-69.596709,0.791,0.646,20162734,5,24,0.818,0.165,15.48,0.118,16.298,0.116,15.762,0.042,15.196,0.037,14.986,0.106
39349731,114.281587,-69.582581,0.355,0.081,20162734,5,28,0.401,0.047,10.93,0.038,11.332,0.028,11.074,0.059,10.815,0.032,10.667,0.148
39349732,114.002119,-69.638353,0.756,0.842,20162734,4,13,0.885,0.102,15.924,0.083,16.809,0.058,16.288,0.008,15.552,0.044,15.285,0.0
39349733,114.005132,-69.629201,0.243,0.222,20162734,5,25,0.667,0.049,14.074,0.03,14.741,0.039,14.328,0.019,13.868,0.04,13.665,0.047
39349734,114.068161,-69.617865,0.84,0.651,20162734,2,5,0.878,0.026,15.991,0.0,16.869,0.026,16.372,0.0,15.745,0.0,,
39349735,114.100609,-69.602739,0.972,0.979,20162734,3,8,0.689,0.102,16.461,0.101,17.15,0.017,,,,,,
39349736,113.93492,-69.605629,0.943,0.533,20162734,5,30,0.801,0.089,15.453,0.072,16.255,0.052,15.751,0.018,15.113,0.052,14.782,0.057
39349737,114.226903,-69.545678,0.46,1.117,20162734,2,3,0.866,0.0,16.588,0.0,17.453,0.0,17.038,0.062,,,,
39349738,113.621883,-69.669935,0.283,0.431,20162734,5,25,0.827,0.078,14.826,0.057,15.653,0.054,15.153,0.01,14.593,0.017,14.361,0.043
39349739,113.693491,-69.670841,0.352,0.415,20162734,5,25,0.628,0.057,14.759,0.019,15.387,0.053,15.022,0.007,14.559,0.018,14.367,0.067
39349740,113.718307,-69.648891,0.584,0.724,20162734,5,25,0.827,0.093,15.74,0.036,16.567,0.086,16.152,0.056,15.466,0.043,15.143,0.104
39349741,113.695078,-69.641538,0.266,0.212,20162734,5,30,0.604,0.044,13.186,0.024,13.79,0.038,13.414,0.013,12.988,0.02,12.797,0.038
39349742,113.795565,-69.640547,0.272,0.131,20162734,5,30,0.724,0.047,13.493,0.032,14.217,0.035,13.774,0.008,13.252,0.026,13.0,0.032
39349743,113.777536,-69.589937,0.346,0.299,20162734,5,28,0.845,0.039,14.72,0.036,15.564,0.016,15.084,0.013,14.431,0.022,14.177,0.027
39349744,113.807303,-69.609218,0.234,0.067,20162734,5,28,1.061,0.048,10.925,0.04,11.986,0.026,11.383,0.037,10.551,0.029,10.171,0.02
39349745,113.79631,-69.589513,0.788,0.622,20162734,4,18,1.257,0.126,15.736,0.073,16.993,0.102,16.347,0.038,15.158,0.034,14.716,0.065
39349746,113.845982,-69.587756,0.84,0.38,20162734,4,16,1.226,0.108,15.828,0.094,17.054,0.053,16.404,0.027,15.341,0.112,14.763,0.013
39349747,113.595017,-69.631054,0.125,0.173,20162734,5,25,0.399,0.039,13.428,0.028,13.827,0.027,13.536,0.018,13.338,0.018,13.319,0.019
39349748,113.597899,-69.62096,0.452,0.389,20162734,5,25,0.758,0.052,14.788,0.026,15.546,0.045,15.092,0.009,14.525,0.03,14.324,0.035
39349749,113.658825,-69.612621,0.919,0.965,20162734,3,17,0.777,0.1,16.145,0.056,16.922,0.083,16.447,0.053,15.928,0.068,15.765,0.0
39349750,113.702574,-69.600978,0.579,0.712,20162734,3,18,0.701,0.051,16.187,0.05,16.888,0.006,16.56,0.046,15.952,0.03,,
39349751,113.528796,-69.610862,0.32,0.415,20162734,5,23,0.946,0.046,14.873,0.043,15.82,0.016,15.265,0.014,14.53,0.022,14.227,0.067
39349752,113.563737,-69.61361,0.355,0.341,20162734,5,25,0.605,0.066,14.724,0.041,15.329,0.051,14.96,0.025,14.547,0.029,14.319,0.08
39349753,113.564872,-69.602116,0.145,0.088,20162734,5,25,0.412,0.044,11.508,0.033,11.92,0.03,11.642,0.011,11.432,0.027,11.392,0.041
39349754,113.609401,-69.592326,0.682,0.589,20162734,5,27,0.807,0.118,15.629,0.048,16.436,0.108,15.947,0.04,15.353,0.035,15.078,0.106
39349755,113.614371,-69.578238,0.622,0.924,20162734,2,4,0.727,0.153,16.901,0.0,17.628,0.153,17.145,0.0,16.649,0.0,,
39349756,113.74955,-69.593311,0.35,0.209,20162734,5,25,1.214,0.046,14.438,0.034,15.652,0.031,14.983,0.022,14.004,0.024,13.566,0.024
39349757,113.690406,-69.560503,0.413,0.078,20162734,5,26,0.542,0.042,10.938,0.035,11.48,0.022,11.112,0.024,10.784,0.015,10.648,0.034
39349758,113.773554,-69.54524,1.188,0.96,20162734,3,13,1.418,0.303,16.17,0.099,17.587,0.286,16.844,0.116,15.659,0.08,15.181,0.0
39349759,113.913535,-69.593785,0.32,0.443,20162734,5,30,0.74,0.063,11.372,0.056,12.111,0.029,11.653,0.015,11.11,0.024,10.911,0.039
39349760,113.937742,-69.577495,0.962,0.616,20162734,3,8,0.529,0.171,16.583,0.159,17.112,0.062,16.741,0.059,16.395,0.157,,
39349761,113.976074,-69.568697,0.779,0.525,20162734,4,16,1.66,0.054,15.569,0.017,17.229,0.052,16.373,0.033,15.074,0.057,14.436,0.054
39349762,114.013939,-69.54796,1.222,1.158,20162734,3,5,0.514,0.286,16.881,0.247,17.396,0.143,,,,,,
39349763,113.886401,-69.572288,0.207,0.281,20162734,5,25,0.655,0.046,14.324,0.032,14.979,0.032,14.58,0.018,14.102,0.031,13.893,0.048
39349764,113.907875,-69.563254,0.79,0.506,20162734,4,19,0.704,0.147,15.802,0.134,16.506,0.061,16.07,0.016,15.582,0.044,15.379,0.222
39349765,113.94072,-69.554367,1.083,0.817,20162734,5,17,1.317,0.056,15.905,0.049,17.222,0.026,16.496,0.043,15.222,0.077,14.677,0.083
39349766,114.098167,-69.530616,0.51,0.301,20162734,6,30,1.204,0.064,13.762,0.061,14.966,0.02,14.3,0.025,13.257,0.053,12.661,0.095
39349767,114.125952,-69.523844,1.379,1.088,20162734,2,5,1.607,0.324,16.302,0.035,17.909,0.322,16.827,0.0,15.784,0.0,,
39349768,114.131401,-69.513441,1.127,1.039,20162734,2,4,0.738,0.163,16.356,0.016,17.094,0.162,,,,,,
39349769,114.13013,-69.491877,1.258,0.51,20162734,6,27,0.758,0.119,14.951,0.113,15.709,0.037,15.248,0.051,14.703,0.088,14.44,0.116
39349770,114.14354,-69.493236,0.956,0.603,20162734,4,14,1.084,0.091,15.51,0.051,16.594,0.076,16.052,0.03,15.059,0.101,14.719,0.062
39349771,113.948164,-69.515716,1.15,0.935,20162734,4,16,0.782,0.189,16.431,0.152,17.214,0.112,16.698,0.016,16.064,0.098,15.786,0.375
39349772,113.866127,-69.519007,0.852,0.713,20162734,4,26,0.785,0.11,15.747,0.09,16.532,0.064,16.068,0.042,15.472,0.059,15.314,0.114
39349773,113.906571,-69.51447,0.353,0.088,20162734,6,45,1.095,0.056,12.052,0.046,13.147,0.032,12.538,0.02,11.673,0.035,11.291,0.046
39349774,113.899586,-69.496478,0.765,0.639,20162734,5,31,1.196,0.112,15.68,0.081,16.875,0.077,16.179,0.05,15.29,0.041,14.934,0.076
39349775,114.028694,-69.481016,1.165,0.858,20162734,3,10,0.693,0.074,16.289,0.056,16.982,0.049,16.583,0.051,16.01,0.122,,
39349776,114.124287,-69.452132,1.185,0.823,20162734,2,6,,,,,,,17.065,0.014,16.682,0.352,,
39349777,114.033276,-69.447046,0.152,0.084,20162734,5,26,0.582,0.045,12.085,0.04,12.667,0.021,12.308,0.02,11.912,0.041,11.748,0.058
39349778,114.057751,-69.445628,0.952,1.127,20162734,2,4,1.127,0.0,16.983,0.0,18.11,0.0,17.212,0.082,16.735,0.0,,
39349779,114.109972,-69.437895,0.557,0.403,20162734,5,25,0.61,0.067,14.766,0.03,15.376,0.059,15.001,0.041,14.564,0.054,14.401,0.098
39349780,114.581557,-69.740075,0.997,0.942,20162734,2,7,0.673,0.0,16.929,0.0,17.602,0.0,17.233,0.05,16.68,0.225,17.007,0.0
39349781,114.546555,-69.750897,1.411,1.008,20162735,2,4,0.534,0.0,16.465,0.0,16.999,0.0,16.819,0.041,16.38,0.0,,
39349782,114.561386,-69.739782,1.191,0.671,20162735,6,20,0.586,0.052,15.575,0.032,16.161,0.04,15.811,0.017,15.446,0.052,15.423,0.203
39349784,114.697225,-69.694482,0.896,0.889,20162735,4,16,0.556,0.126,16.142,0.039,16.698,0.12,16.311,0.037,15.999,0.078,15.759,0.408
39349785,114.756082,-69.665232,0.291,0.129,20162735,7,32,0.484,0.043,11.914,0.034,12.399,0.026,12.068,0.026,11.814,0.052,11.693,0.281
39349786,114.555842,-69.711112,0.498,0.331,20162734,2,2,,,,,,,,,,,14.651,0.379
39349787,114.60434,-69.699232,1.237,0.742,20162734,4,10,0.799,0.275,16.476,0.228,17.275,0.153,16.728,0.056,16.138,0.031,,
39349788,114.612656,-69.70648,1.508,1.11,20162734,2,4,0.551,0.064,16.833,0.059,17.384,0.023,,,,,,
39349789,114.560876,-69.716776,0.245,0.106,20162735,6,30,1.456,0.037,10.913,0.028,12.37,0.024,11.581,0.02,10.402,0.05,10.025,0.0
39349790,114.544202,-69.675018,0.598,0.913,20162734,5,19,1.074,0.161,14.552,0.109,15.625,0.118,15.026,0.026,14.162,0.043,13.74,0.246
39349791,114.649804,-69.687996,0.457,0.463,20162735,7,30,0.708,0.074,15.116,0.041,15.825,0.062,15.365,0.046,14.926,0.047,14.763,0.353
39349792,114.697213,-69.674718,0.389,0.134,20162735,6,27,1.153,0.04,12.055,0.033,13.208,0.022,12.559,0.021,11.687,0.025,11.34,0.282
39349793,114.706791,-69.666941,0.479,0.569,20162735,6,27,0.73,0.098,15.293,0.068,16.023,0.07,15.546,0.048,15.137,0.081,14.89,0.31
39349794,114.614965,-69.663433,0.665,0.722,20162734,5,20,0.856,0.078,15.732,0.038,16.587,0.068,16.057,0.055,15.403,0.029,15.102,0.342
39349795,114.689179,-69.646771,0.44,0.343,20162735,7,32,0.686,0.04,14.646,0.027,15.332,0.029,14.9,0.021,14.475,0.057,14.25,0.255
39349811,114.777587,-69.619392,1.156,0.619,20162734,3,5,0.748,0.0,16.592,0.0,17.34,0.0,16.869,0.042,16.51,0.0,14.98,0.0
39349812,114.785666,-69.60981,0.843,0.789,20162735,4,12,1.084,0.071,16.192,0.07,17.276,0.011,16.783,0.031,16.046,0.059,15.668,0.025
39349818,114.492744,-69.672232,0.825,0.764,20162734,4,15,0.78,0.047,16.131,0.04,16.911,0.026,16.448,0.078,16.028,0.051,15.684,0.0
39349819,114.447097,-69.648348,0.588,0.323,20162735,6,28,0.783,0.047,14.901,0.047,15.684,0.0,15.201,0.025,14.656,0.061,14.359,0.145
39349820,114.485595,-69.637394,0.773,0.394,20162734,2,9,0.794,0.085,16.459,0.0,17.253,0.085,16.906,0.014,16.356,0.014,16.192,0.0
39349821,114.51222,-69.619886,0.467,0.524,20162734,4,8,0.806,0.146,16.723,0.119,17.529,0.084,17.156,0.075,16.487,0.09,,
39349822,114.604313,-69.607397,0.366,0.138,20162735,6,30,0.682,0.05,13.403,0.03,14.085,0.04,13.66,0.011,13.207,0.055,12.967,0.249
39349823,114.649545,-69.601449,0.494,0.941,20162734,2,3,0.769,0.047,16.237,0.0,17.006,0.047,,,,,,
39349824,114.648324,-69.600986,0.844,0.958,20162735,5,15,0.637,0.211,16.436,0.19,17.073,0.093,16.519,0.074,16.01,0.051,,
39349825,114.65345,-69.578878,0.954,0.9,20162735,4,20,0.97,0.119,16.083,0.057,17.053,0.104,16.512,0.034,15.778,0.029,15.617,0.2
39349826,114.661534,-69.59373,0.648,0.412,20162735,7,33,0.929,0.091,15.062,0.047,15.991,0.078,15.476,0.03,14.772,0.043,14.543,0.288
39349827,114.401006,-69.642091,0.593,0.671,20162734,4,18,0.644,0.133,15.924,0.126,16.569,0.042,16.202,0.018,15.676,0.028,15.511,0.029
39349828,114.426882,-69.637035,0.372,0.135,20162735,6,30,0.562,0.038,13.428,0.021,13.99,0.032,13.631,0.013,13.274,0.047,13.075,0.189
39349829,114.370217,-69.600139,0.326,0.123,20162734,4,8,,,,,10.718,0.019,,,,,,
39349830,114.440992,-69.583671,0.84,0.913,20162734,4,13,0.64,0.224,16.432,0.138,17.073,0.177,16.681,0.014,16.263,0.008,16.099,0.0
39349831,114.4585,-69.585262,0.986,0.572,20162734,5,19,0.863,0.26,16.073,0.249,16.936,0.076,16.352,0.031,15.663,0.045,15.501,0.013
39349832,114.424719,-69.603404,0.299,0.104,20162735,6,30,1.186,0.037,11.34,0.029,12.526,0.023,11.864,0.014,10.954,0.049,10.535,0.175
39349833,114.539598,-69.578485,0.899,0.674,20162734,3,14,0.801,0.054,15.759,0.043,16.56,0.033,16.031,0.019,15.521,0.062,15.44,0.054
39349834,114.5395,-69.596993,0.317,0.112,20162735,6,30,1.084,0.04,12.906,0.027,13.99,0.029,13.381,0.011,12.554,0.046,12.165,0.23
39349835,114.568705,-69.594475,0.58,0.343,20162735,6,29,1.0,0.065,14.887,0.034,15.887,0.055,15.293,0.019,14.546,0.056,14.202,0.216
39349836,114.576147,-69.561455,0.938,0.686,20162735,6,20,0.773,0.215,15.752,0.065,16.525,0.204,16.076,0.038,15.504,0.061,15.147,0.46
39349837,114.496717,-69.562215,1.182,1.048,20162734,3,6,0.826,0.338,16.841,0.165,17.667,0.295,,,,,,
39349838,114.50597,-69.576925,1.071,1.12,20162735,3,8,,,,,,,17.255,0.113,15.962,0.029,14.921,0.615
39349839,114.592275,-69.547731,1.057,1.033,20162735,5,21,0.814,0.122,16.276,0.063,17.09,0.105,16.638,0.018,16.038,0.061,15.366,0.0
39349840,114.805452,-69.561125,0.411,0.403,20162735,7,27,1.136,0.028,14.171,0.024,15.308,0.015,14.687,0.012,13.851,0.044,13.578,0.12
39349841,114.749978,-69.539057,0.43,0.575,20162735,7,22,0.764,0.159,15.941,0.095,16.705,0.128,16.24,0.067,15.794,0.043,15.304,0.871
39349842,114.777664,-69.546375,0.635,0.773,20162735,5,17,1.055,0.057,15.791,0.052,16.847,0.023,16.25,0.073,15.524,0.056,15.208,0.048
39349843,114.784438,-69.531395,0.608,0.481,20162735,7,24,0.998,0.051,14.892,0.021,15.89,0.046,15.377,0.033,14.569,0.055,14.208,0.114
39349844,114.790224,-69.55592,0.72,0.609,20162735,2,4,0.564,0.107,16.9,0.0,17.465,0.107,17.206,0.0,16.599,0.0,,
39349850,114.72166,-69.529455,0.904,0.557,20162735,8,33,1.053,0.099,15.154,0.021,16.207,0.097,15.552,0.078,14.748,0.043,14.388,0.245
39349851,114.72894,-69.513854,0.681,0.548,20162735,7,30,1.122,0.122,15.298,0.045,16.42,0.114,15.763,0.047,14.967,0.058,14.575,0.282
39349852,114.78622,-69.522786,0.5,0.596,20162735,7,33,0.779,0.068,15.105,0.039,15.884,0.055,15.394,0.044,14.861,0.065,14.713,0.071
39349853,114.800298,-69.499802,0.706,0.778,20162735,6,15,0.693,0.165,16.132,0.086,16.825,0.141,16.367,0.069,15.87,0.091,15.676,0.257
39349854,114.64661,-69.511031,0.481,0.656,20162735,7,34,0.745,0.083,14.993,0.06,15.738,0.058,15.292,0.033,14.729,0.047,14.519,0.255
39349855,114.66144,-69.528874,1.001,0.623,20162735,3,14,1.227,0.122,16.181,0.068,17.408,0.102,16.754,0.042,15.96,0.083,15.593,0.2
39349856,114.681153,-69.501748,1.368,0.846,20162735,4,7,,,,,17.257,0.0,16.767,0.053,16.24,0.081,,
39349857,114.69843,-69.515793,0.421,0.223,20162735,8,38,0.812,0.04,13.646,0.027,14.459,0.03,13.987,0.023,13.425,0.056,13.178,0.219
39349858,114.766425,-69.488878,0.496,1.265,20162735,2,4,,,,,,,17.254,0.073,16.87,0.071,,
39349861,114.789407,-69.48117,0.44,0.189,20162735,8,33,0.731,0.037,13.973,0.03,14.704,0.022,14.278,0.032,13.785,0.044,13.623,0.108
39349950,114.403332,-69.575831,0.254,0.694,20162734,2,3,1.062,0.0,16.967,0.0,18.029,0.0,,,,,16.192,0.152
39349951,114.442032,-69.540647,1.278,0.455,20162734,2,6,0.756,0.239,16.18,0.09,16.937,0.222,16.401,0.0,15.855,0.0,,
39349952,114.280906,-69.562779,0.899,0.822,20162734,4,19,0.786,0.101,15.682,0.092,16.468,0.041,15.983,0.018,15.434,0.025,15.177,0.159
39349953,114.41689,-69.542279,0.337,0.111,20162735,6,28,0.334,0.71,10.858,0.484,11.192,0.519,11.032,0.52,10.841,0.511,10.722,0.527
39349954,114.463304,-69.54092,0.362,0.194,20162735,6,30,0.51,0.107,14.131,0.078,14.641,0.074,14.299,0.056,14.018,0.085,13.898,0.23
39349955,114.494187,-69.540544,0.502,0.421,20162735,6,29,0.605,0.059,14.7,0.025,15.305,0.054,14.936,0.016,14.511,0.056,14.362,0.271
39349956,114.564763,-69.519158,1.23,0.754,20162734,2,7,0.859,0.0,16.768,0.0,17.627,0.0,17.299,0.06,16.655,0.326,16.104,0.0
39349957,114.58366,-69.498702,0.765,0.985,20162735,6,32,0.91,0.176,15.851,0.092,16.761,0.15,16.184,0.065,15.569,0.096,15.229,0.241
39349958,114.60134,-69.51841,0.63,0.479,20162735,7,34,0.657,0.099,14.719,0.057,15.376,0.081,14.96,0.022,14.518,0.06,14.292,0.184
39349959,114.447586,-69.509203,1.019,0.969,20162734,3,12,0.735,0.065,16.305,0.063,17.04,0.013,16.565,0.025,16.123,0.058,16.042,0.093
39349960,114.504579,-69.515657,0.682,0.39,20162735,7,31,0.79,0.062,15.148,0.011,15.938,0.061,15.463,0.034,14.907,0.085,14.664,0.127
39349961,114.5441,-69.477925,0.63,0.908,20162734,6,21,0.851,0.049,13.796,0.027,14.647,0.042,14.165,0.103,13.48,0.017,13.282,0.256
39349962,114.52704,-69.483184,0.584,0.539,20162735,7,33,0.546,0.078,14.172,0.047,14.718,0.062,14.374,0.028,14.041,0.061,13.88,0.191
39349963,114.261853,-69.543383,0.422,0.422,20162734,5,25,0.957,0.109,15.097,0.058,16.054,0.093,15.514,0.033,14.761,0.041,14.471,0.125
39349964,114.353344,-69.508704,0.65,0.591,20162734,5,31,0.676,0.058,15.072,0.05,15.749,0.03,15.348,0.011,14.842,0.044,14.617,0.147
39349965,114.247351,-69.508215,0.904,0.374,20162734,2,6,1.08,0.041,16.433,0.0,17.512,0.041,16.879,0.0,16.058,0.0,15.87,0.0
39349966,114.422066,-69.484331,1.048,1.048,20132687,2,4,,,,,,,17.594,0.08,16.223,0.0,15.083,0.046
39349967,114.44151,-69.496722,0.596,0.501,20162735,7,30,1.157,0.087,15.135,0.075,16.292,0.044,15.661,0.021,14.686,0.089,14.294,0.175
39349968,114.465408,-69.477209,0.335,0.154,20162735,7,36,0.898,0.061,13.375,0.041,14.273,0.046,13.761,0.016,13.105,0.06,12.834,0.162
39349969,114.432156,-69.459284,0.672,0.387,20162735,7,43,0.657,0.101,14.419,0.09,15.076,0.046,14.663,0.013,14.234,0.067,14.048,0.139
39349970,114.623574,-69.490367,0.841,0.449,20162734,2,6,1.069,0.0,16.201,0.0,17.269,0.0,16.765,0.12,15.869,0.166,,
39349971,114.656885,-69.471715,0.77,1.912,20162735,2,7,1.077,0.11,15.704,0.061,16.781,0.092,16.318,0.017,15.42,0.0,15.211,0.0
39349972,114.658674,-69.471536,0.228,0.183,20162735,2,2,,,,,16.932,0.0,,,15.518,0.043,,
39349973,114.704148,-69.467212,0.878,0.594,20162735,5,14,1.051,0.076,15.856,0.074,16.907,0.016,16.316,0.063,15.472,0.028,15.162,0.184
39349974,114.58608,-69.467522,0.79,0.681,20162735,6,20,1.249,0.142,15.461,0.101,16.71,0.1,16.089,0.039,14.833,0.071,14.203,0.195
39349975,114.636896,-69.448698,0.434,0.141,20162735,6,25,1.23,0.044,11.951,0.037,13.18,0.024,12.51,0.022,11.537,0.065,11.088,0.228
39349976,114.701037,-69.434382,0.428,0.405,20162735,7,33,0.766,0.068,14.312,0.035,15.078,0.059,14.625,0.022,14.114,0.067,13.87,0.26
39349983,114.566978,-69.44503,0.858,1.222,20162734,2,10,0.965,0.036,16.492,0.036,17.457,0.0,16.833,0.072,16.188,0.152,,
39349984,114.553073,-69.456819,0.737,0.72,20162735,7,31,0.94,0.06,15.147,0.053,16.087,0.027,15.559,0.041,14.859,0.042,14.646,0.203
39349985,114.629785,-69.425429,0.57,0.304,20162735,6,25,0.787,0.08,14.349,0.033,15.136,0.073,14.68,0.018,14.172,0.06,13.877,0.245
39349986,114.573243,-69.429373,0.917,0.576,20162735,6,19,0.874,0.166,15.246,0.023,16.119,0.164,15.537,0.028,15.01,0.035,14.769,0.246
39349987,114.577673,-69.414817,0.52,0.17,20162735,6,32,0.736,0.05,13.591,0.033,14.327,0.038,13.867,0.025,13.388,0.042,13.155,0.219
39349988,114.723545,-69.417096,0.548,0.331,20162735,7,33,0.405,0.049,14.315,0.034,14.719,0.035,14.422,0.026,14.267,0.062,14.145,0.317
39349993,114.226006,-69.505856,0.865,0.787,20162734,6,28,0.969,0.104,15.958,0.062,16.927,0.083,16.318,0.099,15.567,0.063,15.2,0.061
39349994,114.284586,-69.473921,0.544,0.086,20162734,6,34,1.083,0.081,10.866,0.077,11.948,0.026,11.331,0.017,10.492,0.038,10.16,0.069
39349995,114.328205,-69.467642,0.718,0.599,20162734,4,14,0.853,0.086,15.771,0.076,16.624,0.041,16.09,0.038,15.578,0.061,15.294,0.093
39349996,114.265942,-69.442043,0.309,0.098,20162734,5,26,1.56,0.064,12.288,0.062,13.848,0.018,13.012,0.033,11.694,0.043,10.99,0.105
39349997,114.289726,-69.435753,0.75,0.427,20162734,5,29,0.584,0.106,14.725,0.091,15.309,0.055,14.928,0.017,14.53,0.04,14.38,0.137
39349998,114.313815,-69.446556,0.814,0.489,20162734,4,19,0.645,0.154,15.352,0.136,15.997,0.073,15.563,0.032,15.161,0.072,14.984,0.201
39349999,114.340141,-69.447559,0.775,0.547,20162734,5,24,0.711,0.059,14.857,0.057,15.568,0.014,15.15,0.027,14.665,0.062,14.442,0.167
39350000,114.361669,-69.45359,0.683,0.284,20162735,7,43,0.803,0.074,14.489,0.061,15.291,0.041,14.819,0.02,14.248,0.062,13.994,0.117
39350001,114.366096,-69.445787,0.364,0.28,20162735,6,36,0.701,0.06,14.394,0.051,15.095,0.032,14.663,0.018,14.194,0.052,13.922,0.16
39350002,114.202337,-69.434049,0.771,0.659,20162734,5,36,0.671,0.111,15.196,0.077,15.867,0.08,15.455,0.036,15.014,0.055,14.788,0.15
39350003,114.302978,-69.400624,1.06,0.828,20162734,3,12,0.899,0.244,16.634,0.158,17.532,0.187,16.788,0.081,16.122,0.095,,
39350004,114.355946,-69.399708,0.813,1.136,20162734,4,25,1.137,0.185,15.725,0.031,16.861,0.183,16.189,0.02,15.24,0.028,14.832,0.243
39350005,114.378563,-69.35874,0.647,0.168,20162735,6,41,0.727,0.072,13.588,0.063,14.315,0.036,13.864,0.024,13.351,0.043,13.106,0.145
39350006,114.589937,-69.367482,0.946,0.557,20162735,4,12,0.828,0.187,16.169,0.071,16.997,0.173,16.512,0.016,15.897,0.066,15.157,0.528
39350007,114.601163,-69.387462,0.767,0.419,20162735,5,24,0.777,0.126,15.264,0.11,16.041,0.062,15.555,0.019,14.962,0.082,14.802,0.077
39350008,114.468708,-69.388016,0.871,0.502,20162735,6,29,0.942,0.036,14.881,0.022,15.823,0.029,15.297,0.039,14.594,0.052,14.301,0.208
39350009,114.500827,-69.365932,0.869,0.506,20162735,6,28,1.076,0.093,15.164,0.059,16.24,0.071,15.603,0.027,14.823,0.051,14.435,0.197
39350017,114.435336,-69.341945,0.631,0.843,20162735,6,21,0.889,0.12,15.66,0.071,16.55,0.097,16.105,0.058,15.367,0.06,15.099,0.127
39350140,113.440925,-69.615742,0.172,0.083,20162734,5,25,0.672,0.035,12.06,0.028,12.732,0.021,12.326,0.015,11.846,0.025,11.667,0.046
39350141,113.458218,-69.600912,0.831,1.105,20162734,4,18,0.804,0.135,15.958,0.084,16.762,0.106,16.268,0.044,15.686,0.041,15.585,0.211
39350143,113.443498,-69.591811,0.151,0.141,20162734,5,25,0.628,0.041,13.433,0.024,14.061,0.033,13.676,0.025,13.226,0.025,13.03,0.039
39350144,113.456757,-69.569547,0.262,0.108,20162734,5,30,1.379,0.047,12.78,0.038,14.159,0.028,13.408,0.019,12.292,0.03,11.788,0.055
39350145,113.484961,-69.584799,0.448,0.358,20162734,5,35,0.886,0.048,14.682,0.023,15.568,0.043,15.025,0.027,14.385,0.028,14.133,0.047
39350200,113.584695,-69.576433,0.714,0.901,20162734,4,20,0.662,0.105,15.238,0.076,15.9,0.072,15.419,0.033,15.002,0.085,14.815,0.139
39350201,113.502897,-69.566704,0.786,1.405,20162734,2,6,1.169,0.127,16.491,0.0,17.66,0.127,17.117,0.068,15.993,0.101,,
39350202,113.508802,-69.548641,1.094,0.934,20162734,3,11,1.185,0.083,16.412,0.062,17.597,0.056,17.048,0.14,16.061,0.111,15.414,0.0
39350203,113.671588,-69.537886,0.47,0.138,20162734,5,35,0.82,0.041,13.575,0.027,14.394,0.031,13.899,0.016,13.318,0.019,13.11,0.043
39350204,113.695559,-69.503557,0.341,0.195,20162734,6,41,1.003,0.058,13.999,0.055,15.002,0.019,14.428,0.019,13.614,0.043,13.23,0.024
39350205,113.691855,-69.495076,0.556,1.15,20162734,2,6,0.732,0.113,16.594,0.0,17.326,0.113,16.816,0.0,16.106,0.0,15.405,0.094
39350206,113.725766,-69.504685,1.328,0.229,20162734,2,5,0.816,0.0,16.739,0.0,17.555,0.0,17.138,0.0,16.465,0.0,15.673,0.147
39350207,113.554628,-69.525082,0.183,0.119,20162734,6,35,0.603,0.039,13.036,0.032,13.638,0.022,13.274,0.017,12.849,0.029,12.683,0.036
39350208,113.56369,-69.503696,1.013,0.742,20162734,5,22,0.941,0.152,15.629,0.058,16.57,0.14,15.997,0.039,15.382,0.037,15.149,0.215
39350209,113.589005,-69.506472,1.4,1.519,20162734,2,3,1.124,0.119,16.258,0.0,17.382,0.119,,,15.832,0.0,,
39350210,113.590151,-69.50708,0.969,0.723,20162734,3,12,0.966,0.157,16.09,0.118,17.056,0.103,16.533,0.055,15.729,0.028,15.447,0.0
39350211,113.435889,-69.536443,0.941,1.621,20162734,2,6,0.91,0.366,16.926,0.325,17.835,0.168,17.316,0.0,16.688,0.0,,
39350212,113.436134,-69.536587,1.001,0.814,20162734,2,8,1.184,0.142,16.63,0.0,17.814,0.142,17.254,0.075,16.657,0.205,16.183,0.11
39350213,113.44981,-69.514375,0.601,0.483,20162734,6,28,0.735,0.048,15.168,0.042,15.902,0.023,15.483,0.03,14.968,0.049,14.752,0.067
39350214,113.543439,-69.480238,0.864,1.013,20162734,4,11,0.934,0.123,16.275,0.118,17.209,0.034,16.696,0.108,16.102,0.082,15.657,0.146
39350215,113.550029,-69.471676,0.168,0.136,20162734,6,31,0.387,0.05,13.171,0.045,13.557,0.022,13.299,0.013,13.104,0.038,13.073,0.045
39350216,113.684427,-69.461175,0.598,0.493,20162734,6,34,0.938,0.07,15.003,0.047,15.94,0.052,15.416,0.025,14.625,0.062,14.339,0.091
39350217,113.66406,-69.45208,0.577,0.32,20162734,5,24,0.704,0.058,14.595,0.035,15.299,0.046,14.873,0.024,14.349,0.076,14.173,0.036
39350218,113.667802,-69.440078,0.697,0.455,20162734,4,19,0.868,0.107,15.316,0.08,16.184,0.071,15.678,0.032,15.012,0.027,14.72,0.075
39350219,113.712408,-69.442788,0.518,0.095,20162734,5,36,1.307,0.068,12.373,0.064,13.68,0.025,12.959,0.025,11.88,0.041,11.396,0.034
39350220,113.804224,-69.499263,0.275,0.143,20162734,6,41,0.805,0.066,13.921,0.048,14.726,0.045,14.259,0.013,13.656,0.047,13.368,0.032
39350221,113.907038,-69.46457,0.765,0.51,20162734,6,37,0.772,0.069,15.243,0.058,16.015,0.038,15.524,0.063,14.981,0.047,14.748,0.056
39350222,113.769618,-69.468841,0.993,0.776,20162734,3,14,0.819,0.271,16.318,0.228,17.136,0.146,16.631,0.083,15.985,0.031,15.612,0.215
39350223,113.908048,-69.428684,1.236,1.127,20162734,3,7,1.042,0.229,16.438,0.227,17.48,0.028,16.756,0.0,16.114,0.0,15.501,0.119
39350224,113.959652,-69.446219,0.539,0.793,20162734,2,5,0.813,0.0,15.926,0.0,16.739,0.0,16.292,0.0,15.729,0.0,15.68,0.139
39350225,113.988174,-69.453238,0.272,0.149,20162734,5,26,0.623,0.055,13.613,0.043,14.235,0.034,13.858,0.022,13.428,0.03,13.249,0.057
39350226,114.057825,-69.413979,0.688,0.701,20162734,3,19,0.767,0.068,15.991,0.066,16.758,0.014,16.318,0.013,15.805,0.006,15.763,0.233
39350227,113.956185,-69.432935,1.04,0.651,20162734,2,4,0.676,0.138,16.826,0.0,17.502,0.138,17.099,0.0,16.483,0.0,,
39350228,113.976473,-69.405205,0.59,0.318,20162734,5,34,0.916,0.088,14.63,0.076,15.545,0.044,14.992,0.017,14.286,0.025,13.983,0.067
39350229,113.979035,-69.41607,0.48,0.19,20162734,5,36,0.736,0.047,13.338,0.039,14.075,0.027,13.636,0.03,13.117,0.048,12.916,0.057
39350230,113.809416,-69.45195,0.826,0.837,20162734,4,13,0.77,0.055,15.857,0.021,16.627,0.051,16.037,0.068,15.526,0.092,15.26,0.018
39350231,113.809299,-69.424724,0.498,0.105,20162734,5,36,1.341,0.066,12.093,0.064,13.434,0.019,12.701,0.027,11.591,0.035,11.116,0.036
39350232,113.746023,-69.441198,0.311,1.5,20162734,2,3,,,,,16.942,0.0,16.486,0.039,15.968,0.0,,
39350233,113.942182,-69.368557,0.503,0.081,20162734,5,36,0.48,0.061,12.087,0.059,12.567,0.015,12.243,0.032,11.946,0.036,11.825,0.058
39350234,113.979391,-69.357511,0.406,0.091,20162734,5,36,0.538,0.059,12.807,0.049,13.344,0.033,13.005,0.017,12.647,0.044,12.505,0.056
39350236,113.441892,-69.482181,0.79,1.043,20162734,3,8,0.843,0.126,16.592,0.0,17.435,0.126,16.837,0.07,16.327,0.03,,
39350239,113.562035,-69.444153,0.628,0.73,20162734,3,9,0.856,0.098,16.264,0.0,17.12,0.098,16.665,0.0,16.073,0.019,15.741,0.0
39350240,113.578361,-69.435291,1.404,0.766,20162734,2,6,0.973,0.0,16.58,0.0,17.552,0.0,17.156,0.049,16.583,0.123,,
39350241,113.614726,-69.443076,0.526,0.151,20162734,5,41,1.747,0.205,12.543,0.13,14.29,0.159,13.31,0.166,11.818,0.14,10.172,0.101
39350242,113.612419,-69.421078,0.112,0.462,20162734,2,4,,,14.782,0.0,,,,,14.52,0.0,14.475,0.174
39350243,113.663997,-69.423497,0.643,0.752,20162734,4,27,0.643,0.117,15.701,0.098,16.344,0.063,15.941,0.014,15.448,0.054,15.307,0.04
39350244,113.563663,-69.424828,0.951,0.381,20162734,3,7,,,,,,,17.094,0.075,16.286,0.014,15.984,0.333
39350245,113.609655,-69.420644,1.022,0.981,20162734,3,5,,,,,15.007,0.0,14.609,0.0,,,14.007,0.248
39350246,113.609716,-69.415913,0.428,0.171,20162734,5,31,0.69,0.06,12.089,0.056,12.78,0.022,12.362,0.018,11.869,0.038,11.654,0.047
39350247,113.630349,-69.384024,1.024,0.815,20162734,3,8,1.188,0.022,16.191,0.0,17.38,0.022,16.651,0.057,15.943,0.085,15.686,0.0
39350248,113.631311,-69.413338,0.488,0.145,20162734,5,31,0.794,0.08,13.642,0.069,14.437,0.04,13.964,0.021,13.358,0.052,13.1,0.042
39350258,113.608008,-69.380162,0.75,1.385,20162734,2,6,0.671,0.388,16.745,0.367,17.416,0.125,16.988,0.0,16.292,0.0,16.33,0.0
39350260,113.758754,-69.386496,0.517,0.247,20162734,5,27,1.171,0.061,13.971,0.053,15.142,0.03,14.509,0.019,13.595,0.048,13.197,0.048
39350261,113.775171,-69.393273,0.702,1.104,20162734,4,15,0.908,0.0,15.961,0.0,16.869,0.0,16.387,0.009,15.636,0.034,15.317,0.079
39350262,113.781917,-69.3873,0.704,0.659,20162734,5,34,0.788,0.092,15.099,0.085,15.886,0.035,15.417,0.024,14.869,0.072,14.689,0.103
39350263,113.807248,-69.389736,0.672,0.597,20162734,5,33,0.727,0.047,14.54,0.03,15.266,0.036,14.833,0.038,14.322,0.031,14.061,0.03
39350264,113.678528,-69.395613,0.751,0.699,20162734,5,24,0.825,0.071,15.117,0.067,15.943,0.023,15.444,0.03,14.914,0.05,14.738,0.056
39350265,113.719827,-69.36871,0.536,1.084,20162734,3,9,0.82,0.074,16.008,0.0,16.828,0.074,16.428,0.063,15.769,0.044,15.335,0.0
39350266,113.721363,-69.358365,1.252,0.696,20162734,2,4,0.868,0.196,16.845,0.114,17.713,0.16,17.349,0.0,,,,
39350267,113.723576,-69.357997,1.051,0.652,20162734,2,6,0.909,0.011,16.763,0.0,17.672,0.011,17.187,0.066,16.482,0.026,,
39350270,113.910871,-69.323325,0.699,0.245,20162734,5,34,0.697,0.101,14.562,0.078,15.259,0.065,14.82,0.027,14.339,0.03,14.092,0.035
39350436,114.097445,-69.399573,0.565,0.545,20162734,4,21,0.865,0.067,15.01,0.043,15.875,0.052,15.37,0.054,14.699,0.051,14.384,0.095
39350437,114.103678,-69.415997,0.983,0.866,20162734,3,25,0.993,0.064,16.07,0.055,17.064,0.032,16.415,0.021,15.681,0.069,15.176,0.051
39350438,114.120412,-69.416149,1.355,1.229,20162734,2,4,,,,,,,16.846,0.031,16.226,0.037,,
39350439,114.124422,-69.401117,0.844,0.717,20162734,3,20,0.91,0.034,15.912,0.022,16.821,0.026,16.281,0.04,15.556,0.078,15.132,0.107
39350440,114.173444,-69.399877,0.797,0.784,20162734,3,24,0.657,0.057,15.707,0.054,16.365,0.02,15.927,0.014,15.411,0.055,15.154,0.0
39350441,114.208838,-69.366034,1.058,0.991,20162734,2,4,,,,,,,17.017,0.055,16.411,0.038,,
39350442,114.063579,-69.374161,0.993,0.683,20162734,2,14,0.91,0.076,16.119,0.011,17.03,0.075,16.537,0.092,15.981,0.042,15.585,0.0
39350443,114.126416,-69.370267,0.814,0.63,20162734,5,25,0.758,0.099,15.512,0.083,16.271,0.054,15.808,0.045,15.217,0.065,14.784,0.037
39350444,114.18277,-69.366048,0.378,0.319,20162734,5,26,0.562,0.062,14.273,0.049,14.836,0.038,14.469,0.019,14.059,0.03,13.879,0.102
39350445,114.257197,-69.359776,0.741,0.803,20162734,4,20,0.597,0.125,16.229,0.082,16.826,0.094,16.484,0.043,15.929,0.106,15.564,0.0
39350446,114.290772,-69.360211,0.544,0.238,20162734,5,36,0.884,0.081,14.241,0.072,15.125,0.037,14.579,0.029,13.918,0.032,13.592,0.162
39350447,114.310016,-69.32856,0.85,0.802,20162734,4,15,0.995,0.28,15.939,0.078,16.934,0.269,16.377,0.038,15.513,0.031,15.054,0.352
39350448,114.37947,-69.327208,1.0,0.67,20162734,5,23,1.024,0.104,15.706,0.058,16.73,0.086,16.118,0.042,15.433,0.112,14.797,0.191
39350449,114.260585,-69.310794,0.629,0.118,20162734,5,37,0.797,0.069,13.307,0.065,14.104,0.024,13.632,0.01,13.02,0.032,12.708,0.177
39350450,114.315792,-69.311757,0.585,0.237,20162734,5,35,0.572,0.066,13.867,0.055,14.438,0.037,14.089,0.014,13.702,0.053,13.447,0.217
39350452,114.132417,-69.330572,0.746,0.899,20162734,4,26,0.693,0.101,16.068,0.062,16.761,0.08,16.331,0.037,15.772,0.02,15.406,0.121
39350453,114.094275,-69.330594,1.299,1.123,20162734,3,8,0.569,0.133,16.486,0.0,17.055,0.133,16.669,0.0,16.229,0.182,15.992,0.238
39350454,114.192362,-69.302128,0.359,0.13,20162734,5,30,0.629,0.053,13.269,0.045,13.899,0.026,13.521,0.014,13.074,0.031,12.869,0.112
39350485,114.023423,-69.315296,0.438,0.263,20162734,5,30,0.748,0.052,14.109,0.05,14.858,0.013,14.408,0.027,13.901,0.038,13.639,0.058
39350486,114.08344,-69.302534,0.921,0.759,20162734,4,16,0.974,0.017,15.855,0.013,16.829,0.011,16.303,0.09,15.606,0.069,15.316,0.164
